loop,accuracy,efficiency,purity,fom,query_id1,query_id2,query_id3,query_id4
49,0.5284319356691557,0.6160919540229886,0.5239491691104594,0.16536068470521875,108926835,40549862,18713741,15774720,37174730
