loop,accuracy,efficiency,purity,fom,query_id1,query_id2,query_id3,query_id4
49,0.48176927674835623,0.9962640099626401,0.4807692307692308,0.23496792687798115,135887774,117635023,4949578,129006369,45032136
